<?xml version="1.0" encoding="UTF-8" standalone="yes"?>
<tempoReportHaul xmlns:a="http://www.appian.com/ae/types/2009">
    <versionUuid>90e6cb48-9fc3-4093-9a91-bffe33b9763a</versionUuid>
    <tempoReport a:uuid="300b839a-c4af-41a2-9dbe-a271f92b6b22" name="LDAP Home">
        <a:description></a:description>
        <a:uiExpr>=#"_a-0000e572-77ef-8000-752a-e7ef90e7ef90_7013"()</a:uiExpr>
        <a:urlStub>z_TUzA</a:urlStub>
    </tempoReport>
    <roleMap/>
    <history>
        <historyInfo versionUuid="90e6cb48-9fc3-4093-9a91-bffe33b9763a"/>
    </history>
</tempoReportHaul>
