<?xml version="1.0" encoding="UTF-8" standalone="yes"?>
<contentHaul xmlns:a="http://www.appian.com/ae/types/2009">
    <versionUuid>_a-0000e572-77ef-8000-752a-e7ef90e7ef90_7066</versionUuid>
    <interface>
        <name>LDAP_homeReport</name>
        <uuid>_a-0000e572-77ef-8000-752a-e7ef90e7ef90_7013</uuid>
        <description></description>
        <parentUuid>_a-0000d62a-9e0e-8000-ac7a-680000680000_7543</parentUuid>
        <visibility>
            <advertise>false</advertise>
            <hierarchy>true</hierarchy>
            <indexable>true</indexable>
            <quota>false</quota>
            <searchable>true</searchable>
            <system>false</system>
            <unlogged>false</unlogged>
        </visibility>
        <definition>{
  #"SYSTEM_SYSRULES_sectionLayout_v1"(
    contents: {
      #"SYSTEM_SYSRULES_richTextDisplayField"(
        labelPosition: "COLLAPSED",
        align: "CENTER",
        value: #"SYSTEM_SYSRULES_richTextItem_v1"(
          size: "LARGE",
          style: "STRONG",
          text: "LDAP Sync"
        )
      )
    },
    divider: "BELOW",
    marginBelow: "STANDARD"
  ),
  #"SYSTEM_SYSRULES_columnsLayout"(
    columns: {
      #"SYSTEM_SYSRULES_columnLayout"(),
      #"SYSTEM_SYSRULES_columnLayout"(
        width: "MEDIUM",
        contents: {
          #"SYSTEM_SYSRULES_cardLayout"(
            contents: {
              #"SYSTEM_SYSRULES_richTextDisplayField"(
                labelPosition: "COLLAPSED",
                value: {
                  char(10),
                  char(10),
                  #"SYSTEM_SYSRULES_richTextIcon"(
                    icon: "cog",
                    color: "#8CA1D0",
                    size: "LARGE_PLUS"
                  ),
                  char(10),
                  char(10),
                  #"SYSTEM_SYSRULES_richTextItem_v1"(
                    text: "Configure",
                    color: "ACCENT",
                    size: "LARGE",
                    style: "STRONG"
                  ),
                  char(10),
                  char(10),
                  #"SYSTEM_SYSRULES_richTextItem_v1"(
                    text: "Server, port, authentication, ldap queries, etc",
                    size: "SMALL"
                  )
                },
                align: "CENTER"
              )
            },
            link: #"SYSTEM_SYSRULES_startProcessLink"(
              processModel: #"_a-0000e572-77ef-8000-752a-e7ef90e7ef90_7019"
            ),
            height: "MEDIUM"
          )
        }
      ),
      #"SYSTEM_SYSRULES_columnLayout"()
    }
  )
}</definition>
        <preferredEditor>interface</preferredEditor>
        <offlineEnabled>false</offlineEnabled>
        <isCustom>false</isCustom>
    </interface>
    <roleMap public="true">
        <role inherit="true" allowForAll="false" name="readers">
            <users/>
            <groups/>
        </role>
        <role inherit="true" allowForAll="false" name="authors">
            <users/>
            <groups/>
        </role>
        <role inherit="true" allowForAll="false" name="administrators">
            <users/>
            <groups/>
        </role>
        <role inherit="false" allowForAll="false" name="denyReaders">
            <users/>
            <groups/>
        </role>
        <role inherit="false" allowForAll="false" name="denyAuthors">
            <users/>
            <groups/>
        </role>
        <role inherit="false" allowForAll="false" name="denyAdministrators">
            <users/>
            <groups/>
        </role>
    </roleMap>
    <history>
        <historyInfo versionUuid="_a-0000e572-77ef-8000-752a-e7ef90e7ef90_7066"/>
    </history>
</contentHaul>
