<?xml version="1.0" encoding="UTF-8" standalone="yes"?>
<contentHaul xmlns:a="http://www.appian.com/ae/types/2009">
    <versionUuid>_a-0000e572-77ef-8000-752a-e7ef90e7ef90_7176</versionUuid>
    <interface>
        <name>LDAP_Footer</name>
        <uuid>_a-0000e572-77ef-8000-752a-e7ef90e7ef90_7165</uuid>
        <description></description>
        <parentUuid>_a-0000d62a-9e0e-8000-ac7a-680000680000_7543</parentUuid>
        <visibility>
            <advertise>false</advertise>
            <hierarchy>true</hierarchy>
            <indexable>true</indexable>
            <quota>false</quota>
            <searchable>true</searchable>
            <system>false</system>
            <unlogged>false</unlogged>
        </visibility>
        <definition>{
  #"SYSTEM_SYSRULES_sectionLayout_v1"(
    marginBelow: "STANDARD"
  ),
  #"SYSTEM_SYSRULES_sectionLayout_v1"(
    divider: "ABOVE",
    marginBelow: "STANDARD"
  ),
  #"SYSTEM_SYSRULES_sideBySideLayout"(
    items: {
      #"SYSTEM_SYSRULES_sideBySideItem"(
        width: "MINIMIZE",
        item: #"SYSTEM_SYSRULES_richTextDisplayField"(
          align: "LEFT",
          labelPosition: "COLLAPSED",
          value: {
            #"SYSTEM_SYSRULES_richTextItem_v1"(
              text: "AppMarket - LDAP Tools",
              link: #"SYSTEM_SYSRULES_safeLink"(
                uri: "https://community.appian.com/b/appmarket/posts/ldap-tools"
              ),
              linkStyle: "STANDALONE",
              color: "SECONDARY"
            ),
            char(10),
            #"SYSTEM_SYSRULES_richTextItem_v1"(
              text: "Playbook - LDAP Synchronization",
              link: #"SYSTEM_SYSRULES_safeLink"(
                uri: "https://community.appian.com/w/the-appian-playbook/520/ldap-synchronization"
              ),
              linkStyle: "STANDALONE",
              color: "SECONDARY"
            ),
          }
        ),
      ),
      #"SYSTEM_SYSRULES_sideBySideItem"(
        item: #"SYSTEM_SYSRULES_richTextDisplayField"(
          align: "CENTER",
          labelPosition: "COLLAPSED",
          value: #"SYSTEM_SYSRULES_richTextItem_v1"(
            color: "SECONDARY",
            text: "Version " &amp; #"_a-0000e572-77ef-8000-752a-e7ef90e7ef90_7159"
          )
        )
      )
    }
  )
}</definition>
        <preferredEditor>interface</preferredEditor>
        <offlineEnabled>false</offlineEnabled>
        <isCustom>false</isCustom>
    </interface>
    <roleMap public="true">
        <role inherit="true" allowForAll="false" name="readers">
            <users/>
            <groups/>
        </role>
        <role inherit="true" allowForAll="false" name="authors">
            <users/>
            <groups/>
        </role>
        <role inherit="true" allowForAll="false" name="administrators">
            <users/>
            <groups/>
        </role>
        <role inherit="false" allowForAll="false" name="denyReaders">
            <users/>
            <groups/>
        </role>
        <role inherit="false" allowForAll="false" name="denyAuthors">
            <users/>
            <groups/>
        </role>
        <role inherit="false" allowForAll="false" name="denyAdministrators">
            <users/>
            <groups/>
        </role>
    </roleMap>
    <history>
        <historyInfo versionUuid="_a-0000e572-77ef-8000-752a-e7ef90e7ef90_7176"/>
    </history>
</contentHaul>
