<?xml version="1.0" encoding="UTF-8" standalone="yes"?>
<contentHaul xmlns:a="http://www.appian.com/ae/types/2009">
    <versionUuid>_a-0000e572-77ef-8000-752a-e7ef90e7ef90_6826</versionUuid>
    <rule>
        <name>LDAP_getAttributeValueFromResponse</name>
        <uuid>_a-0000db9c-9a68-8000-5130-010000010000_2876</uuid>
        <description></description>
        <parentUuid>_a-0000d62a-9e0e-8000-ac7a-680000680000_7543</parentUuid>
        <visibility>
            <advertise>false</advertise>
            <hierarchy>true</hierarchy>
            <indexable>true</indexable>
            <quota>false</quota>
            <searchable>true</searchable>
            <system>false</system>
            <unlogged>false</unlogged>
        </visibility>
        <definition>=with(&#13;
  local!default: #"_a-0000db9c-9a68-8000-5130-010000010000_2889"(index(#"_a-0000db9c-9a68-8000-5130-010000010000_2881", ri!index), ri!user),&#13;
  tostring(index(index(&#13;
    ri!response.result.data,&#13;
    index(#"_a-0000db98-7620-8000-5130-010000010000_2465", ri!index, local!default),&#13;
    local!default&#13;
  ), 1, local!default))&#13;
)</definition>
        <namedTypedValue>
            <name>index</name>
            <type>
                <name>int</name>
                <namespace>http://www.w3.org/2001/XMLSchema</namespace>
            </type>
        </namedTypedValue>
        <namedTypedValue>
            <name>user</name>
            <type>
                <name>User</name>
                <namespace>http://www.appian.com/ae/types/2009</namespace>
            </type>
        </namedTypedValue>
        <namedTypedValue>
            <name>response</name>
            <type>
                <name>Variant</name>
                <namespace>http://www.appian.com/ae/types/2009</namespace>
            </type>
        </namedTypedValue>
        <preferredEditor>legacy</preferredEditor>
        <offlineEnabled>false</offlineEnabled>
    </rule>
    <roleMap public="true">
        <role inherit="true" allowForAll="false" name="readers">
            <users/>
            <groups/>
        </role>
        <role inherit="true" allowForAll="false" name="authors">
            <users/>
            <groups/>
        </role>
        <role inherit="true" allowForAll="false" name="administrators">
            <users/>
            <groups/>
        </role>
        <role inherit="false" allowForAll="false" name="denyReaders">
            <users/>
            <groups/>
        </role>
        <role inherit="false" allowForAll="false" name="denyAuthors">
            <users/>
            <groups/>
        </role>
        <role inherit="false" allowForAll="false" name="denyAdministrators">
            <users/>
            <groups/>
        </role>
    </roleMap>
    <history>
        <historyInfo versionUuid="_a-0000e572-77ef-8000-752a-e7ef90e7ef90_6826"/>
    </history>
</contentHaul>
