<?xml version="1.0" encoding="UTF-8" standalone="yes"?>
<contentHaul xmlns:a="http://www.appian.com/ae/types/2009">
    <versionUuid>_a-0000e572-77ef-8000-752a-e7ef90e7ef90_6736</versionUuid>
    <constant>
        <name>LDAP_SUGGESTIONS</name>
        <uuid>_a-0000db99-ce59-8000-5130-010000010000_2734</uuid>
        <description></description>
        <parentUuid>_a-0000d62a-9e0e-8000-ac7a-680000680000_7543</parentUuid>
        <visibility>
            <advertise>false</advertise>
            <hierarchy>true</hierarchy>
            <indexable>true</indexable>
            <quota>false</quota>
            <searchable>true</searchable>
            <system>false</system>
            <unlogged>false</unlogged>
        </visibility>
        <typedValue>
            <type>
                <name>Text?list</name>
                <namespace>http://www.appian.com/ae/types/2009</namespace>
            </type>
            <value>
                <el>Port, connection type, and protocol do not match, if using set ldaps connection type to ssl</el>
                <el>Verify the protocol, host, and port are correct and that the LDAP server is running</el>
                <el>Verify SCS key is correct and that LDAP Tools plugin has been registered with this SCS</el>
                <el>Required field missing from SCS, should contain username and password</el>
                <el>Set Virtual List View Control Supported to false and try again</el>
                <el>Verify the Base DN</el>
                <el>Verify that either the certificate is part of the JVM keystore or the provided keystore</el>
                <el>Verify the protocol, host, and port are correct</el>
                <el>Verify that the provided keystore path is valid</el>
                <el>Verify the protocol, host, and port are correct</el>
                <el>Verify the port is valid</el>
            </value>
        </typedValue>
        <isEnvironmentSpecific>false</isEnvironmentSpecific>
    </constant>
    <roleMap public="true">
        <role inherit="true" allowForAll="false" name="readers">
            <users/>
            <groups/>
        </role>
        <role inherit="true" allowForAll="false" name="authors">
            <users/>
            <groups/>
        </role>
        <role inherit="true" allowForAll="false" name="administrators">
            <users/>
            <groups/>
        </role>
        <role inherit="false" allowForAll="false" name="denyReaders">
            <users/>
            <groups/>
        </role>
        <role inherit="false" allowForAll="false" name="denyAuthors">
            <users/>
            <groups/>
        </role>
        <role inherit="false" allowForAll="false" name="denyAdministrators">
            <users/>
            <groups/>
        </role>
    </roleMap>
    <history>
        <historyInfo versionUuid="_a-0000e572-77ef-8000-752a-e7ef90e7ef90_6736"/>
    </history>
</contentHaul>
