<?xml version="1.0" encoding="UTF-8" standalone="yes"?>
<contentHaul xmlns:a="http://www.appian.com/ae/types/2009">
    <versionUuid>_a-0000e572-77ef-8000-752a-e7ef90e7ef90_6724</versionUuid>
    <rule>
        <name>LDAP_ldapConfig</name>
        <uuid>_a-0000db97-6310-8000-5130-010000010000_2346</uuid>
        <description></description>
        <parentUuid>_a-0000d62a-9e0e-8000-ac7a-680000680000_7543</parentUuid>
        <visibility>
            <advertise>false</advertise>
            <hierarchy>true</hierarchy>
            <indexable>true</indexable>
            <quota>false</quota>
            <searchable>true</searchable>
            <system>false</system>
            <unlogged>false</unlogged>
        </visibility>
        <definition>'type!{urn:appian:plugin:directory}LdapConfig'(
  scsExternalSystemKey: if(
    isnull(ri!externalSystemKey),
    #"_a-0000db97-6310-8000-5130-010000010000_2386",
    ri!externalSystemKey
  ),
  usePerUserCredentials: false,
  url: if(
    isnull(ri!protocol),
    #"_a-0000d62a-9e0e-8000-ac7a-680000680000_7546",
    ri!protocol
  ) &amp; "://" &amp; 
  if(
    isnull(ri!server),
    #"_a-0000d62a-9e0e-8000-ac7a-680000680000_7547",
    ri!server
  ) &amp; ":" &amp;
  if(
    isnull(ri!port),
    #"_a-0000d62a-9e0e-8000-ac7a-680000680000_7548",
    ri!port
  ),
  baseDn: ri!baseDn,
  authentication: "simple",
  referral: "follow",
  timeout: if(
    isnull(ri!timeout),
    #"_a-0000db99-ad08-8000-5130-010000010000_2703",
    ri!timeout
  ),
  type: if(
    isnull(ri!connectionType),
    #"_a-0000db98-7620-8000-5130-010000010000_2439",
    ri!connectionType
  ),
  vlvControlSupported: if(
    isnull(ri!vlvControlSupported),
    #"_a-0000db99-ad08-8000-5130-010000010000_2701",
    ri!vlvControlSupported
  ),
  keystorePath: if(
    isnull(ri!keystorePath),
    #"_a-0000db98-7620-8000-5130-010000010000_2432",
    ri!keystorePath
  )
)</definition>
        <namedTypedValue>
            <name>externalSystemKey</name>
            <type>
                <name>string</name>
                <namespace>http://www.w3.org/2001/XMLSchema</namespace>
            </type>
            <value/>
        </namedTypedValue>
        <namedTypedValue>
            <name>baseDn</name>
            <type>
                <name>string</name>
                <namespace>http://www.w3.org/2001/XMLSchema</namespace>
            </type>
            <value/>
        </namedTypedValue>
        <namedTypedValue>
            <name>protocol</name>
            <type>
                <name>string</name>
                <namespace>http://www.w3.org/2001/XMLSchema</namespace>
            </type>
            <value/>
        </namedTypedValue>
        <namedTypedValue>
            <name>server</name>
            <type>
                <name>string</name>
                <namespace>http://www.w3.org/2001/XMLSchema</namespace>
            </type>
            <value/>
        </namedTypedValue>
        <namedTypedValue>
            <name>port</name>
            <type>
                <name>string</name>
                <namespace>http://www.w3.org/2001/XMLSchema</namespace>
            </type>
            <value/>
        </namedTypedValue>
        <namedTypedValue>
            <name>connectionType</name>
            <type>
                <name>string</name>
                <namespace>http://www.w3.org/2001/XMLSchema</namespace>
            </type>
            <value/>
        </namedTypedValue>
        <namedTypedValue>
            <name>keystorePath</name>
            <type>
                <name>string</name>
                <namespace>http://www.w3.org/2001/XMLSchema</namespace>
            </type>
            <value/>
        </namedTypedValue>
        <namedTypedValue>
            <name>vlvControlSupported</name>
            <type>
                <name>boolean</name>
                <namespace>http://www.w3.org/2001/XMLSchema</namespace>
            </type>
        </namedTypedValue>
        <namedTypedValue>
            <name>timeout</name>
            <type>
                <name>int</name>
                <namespace>http://www.w3.org/2001/XMLSchema</namespace>
            </type>
        </namedTypedValue>
        <preferredEditor>legacy</preferredEditor>
        <offlineEnabled>false</offlineEnabled>
    </rule>
    <roleMap public="true">
        <role inherit="true" allowForAll="false" name="readers">
            <users/>
            <groups/>
        </role>
        <role inherit="true" allowForAll="false" name="authors">
            <users/>
            <groups/>
        </role>
        <role inherit="true" allowForAll="false" name="administrators">
            <users/>
            <groups/>
        </role>
        <role inherit="false" allowForAll="false" name="denyReaders">
            <users/>
            <groups/>
        </role>
        <role inherit="false" allowForAll="false" name="denyAuthors">
            <users/>
            <groups/>
        </role>
        <role inherit="false" allowForAll="false" name="denyAdministrators">
            <users/>
            <groups/>
        </role>
    </roleMap>
    <history>
        <historyInfo versionUuid="_a-0000e572-77ef-8000-752a-e7ef90e7ef90_6724"/>
    </history>
</contentHaul>
