<?xml version="1.0" encoding="UTF-8" standalone="yes"?>
<contentHaul xmlns:a="http://www.appian.com/ae/types/2009">
    <versionUuid>_a-0000e572-77ef-8000-752a-e7ef90e7ef90_6802</versionUuid>
    <rule>
        <name>LDAP_getGroupResultImage</name>
        <uuid>_a-0000db9c-9a68-8000-5130-010000010000_2861</uuid>
        <description></description>
        <parentUuid>_a-0000d62a-9e0e-8000-ac7a-680000680000_7543</parentUuid>
        <visibility>
            <advertise>false</advertise>
            <hierarchy>true</hierarchy>
            <indexable>true</indexable>
            <quota>false</quota>
            <searchable>true</searchable>
            <system>false</system>
            <unlogged>false</unlogged>
        </visibility>
        <definition>if(
  contains(ri!groupsAdded, ri!group),
  #"SYSTEM_SYSRULES_documentImage"(
    document: #"SYSTEM_SYSRULES_iconIndicator"("STATUS_OK"),
    caption: "Added to group",
    altText: "Added to group"
  ),
  if(
    contains(ri!groupsRemoved, ri!group),
    #"SYSTEM_SYSRULES_documentImage"(
      document: #"SYSTEM_SYSRULES_iconIndicator"("STATUS_ERROR"),
      caption: "Removed from group",
      altText: "Removed from group"
    ),
    #"SYSTEM_SYSRULES_documentImage"(
      document: #"SYSTEM_SYSRULES_iconIndicator"("STATUS_WARN"),
      caption: "Failed sync",
      altText: "Failed sync"
    )
  )
)</definition>
        <namedTypedValue>
            <name>group</name>
            <type>
                <name>Group</name>
                <namespace>http://www.appian.com/ae/types/2009</namespace>
            </type>
        </namedTypedValue>
        <namedTypedValue>
            <name>groupsAdded</name>
            <type>
                <name>Group?list</name>
                <namespace>http://www.appian.com/ae/types/2009</namespace>
            </type>
        </namedTypedValue>
        <namedTypedValue>
            <name>groupsRemoved</name>
            <type>
                <name>Group?list</name>
                <namespace>http://www.appian.com/ae/types/2009</namespace>
            </type>
        </namedTypedValue>
        <namedTypedValue>
            <name>groupsFailed</name>
            <type>
                <name>Group?list</name>
                <namespace>http://www.appian.com/ae/types/2009</namespace>
            </type>
        </namedTypedValue>
        <preferredEditor>legacy</preferredEditor>
        <offlineEnabled>false</offlineEnabled>
    </rule>
    <roleMap public="true">
        <role inherit="true" allowForAll="false" name="readers">
            <users/>
            <groups/>
        </role>
        <role inherit="true" allowForAll="false" name="authors">
            <users/>
            <groups/>
        </role>
        <role inherit="true" allowForAll="false" name="administrators">
            <users/>
            <groups/>
        </role>
        <role inherit="false" allowForAll="false" name="denyReaders">
            <users/>
            <groups/>
        </role>
        <role inherit="false" allowForAll="false" name="denyAuthors">
            <users/>
            <groups/>
        </role>
        <role inherit="false" allowForAll="false" name="denyAdministrators">
            <users/>
            <groups/>
        </role>
    </roleMap>
    <history>
        <historyInfo versionUuid="_a-0000e572-77ef-8000-752a-e7ef90e7ef90_6802"/>
    </history>
</contentHaul>
