<?xml version="1.0" encoding="UTF-8" standalone="yes"?>
<contentHaul xmlns:a="http://www.appian.com/ae/types/2009">
    <versionUuid>_a-0000e572-77ef-8000-752a-e7ef90e7ef90_6838</versionUuid>
    <interface>
        <name>LDAP_userSyncResults</name>
        <uuid>_a-0000dba0-7cd0-8000-5130-010000010000_2985</uuid>
        <description></description>
        <parentUuid>_a-0000d62a-9e0e-8000-ac7a-680000680000_7543</parentUuid>
        <visibility>
            <advertise>false</advertise>
            <hierarchy>true</hierarchy>
            <indexable>true</indexable>
            <quota>false</quota>
            <searchable>true</searchable>
            <system>false</system>
            <unlogged>false</unlogged>
        </visibility>
        <definition>=load(
  local!groups: reject(
    fn!isnull,
    union(
      ri!groupsAdded,
      ri!groupsRemoved,
      ri!groupsFailed
    )
  ),
  local!indices: where(
    touniformstring(ri!oldValues) &lt;&gt; touniformstring(ri!newValues),
    {}
  ),
  #"SYSTEM_SYSRULES_formLayout"(
    label: "Account Sync Results",
    firstColumnContents: {
      if(
        length(local!indices) &gt; 0,
        #"SYSTEM_SYSRULES_gridField"(
          label: "Profile Sync Results",
          labelPosition: "ABOVE",
          totalCount: length(local!indices),
          columns: {
            #"SYSTEM_SYSRULES_gridTextColumn"(
              label: "Attribute",
              data: index(
                #"_a-0000db98-7620-8000-5130-010000010000_2462",
                local!indices,
                {}
              )
            ),
            #"SYSTEM_SYSRULES_gridTextColumn"(
              label: "Old Value",
              data: index(
                ri!oldValues,
                local!indices,
                {}
              )
            ),
            #"SYSTEM_SYSRULES_gridTextColumn"(
              label: "New Value",
              data: index(
                ri!newValues,
                local!indices,
                {}
              )
            )
          },
          value: #"SYSTEM_SYSRULES_pagingInfo"(startIndex: 1, batchSize: 5),
          saveInto: {},
          validations: {}
        ),
        #"SYSTEM_SYSRULES_richTextDisplayField"(
          value: #"SYSTEM_SYSRULES_richTextItem"(
            text:"No updates were made to your user profile",
            style: "STRONG"
          )
        )
      )
    },
    secondColumnContents: {
      if(
        length(local!groups) &gt; 0,
        #"SYSTEM_SYSRULES_gridField"(
          label: "Group Sync Results",
          labelPosition: "ABOVE",
          totalCount: length(local!groups),
          columns: {
            #"SYSTEM_SYSRULES_gridTextColumn"(
              label: "Group Name",
              data: apply(
                group(_, "groupName"),
                local!groups
              )
            ),
            #"SYSTEM_SYSRULES_gridImageColumn"(
              label: "Result",
              data: apply(
                #"_a-0000db9c-9a68-8000-5130-010000010000_2861"(
                  group: _,
                  groupsAdded: ri!groupsAdded,
                  groupsRemoved: ri!groupsRemoved,
                  groupsFailed: ri!groupsFailed
                ),
                local!groups
              ),
              size: "ICON"
            )
          },
          value: #"SYSTEM_SYSRULES_pagingInfo"(startIndex: 1, batchSize: 5),
          saveInto: {},
          validations: {}
        ),
        #"SYSTEM_SYSRULES_richTextDisplayField"(
          value: #"SYSTEM_SYSRULES_richTextItem"(
            text:"No updates were made to your group membership",
            style: "STRONG"
          )
        )
      )
    },
    buttons: #"SYSTEM_SYSRULES_ButtonLayout"(
      primaryButtons: {
        #"SYSTEM_SYSRULES_ButtonWidgetSubmit"(
          label: "Close",
          style: "PRIMARY",
          saveInto: {}
        )
      }
    ),
    validations: {}
  )
)</definition>
        <namedTypedValue>
            <name>groupsAdded</name>
            <type>
                <name>Group?list</name>
                <namespace>http://www.appian.com/ae/types/2009</namespace>
            </type>
        </namedTypedValue>
        <namedTypedValue>
            <name>groupsRemoved</name>
            <type>
                <name>Group?list</name>
                <namespace>http://www.appian.com/ae/types/2009</namespace>
            </type>
        </namedTypedValue>
        <namedTypedValue>
            <name>groupsFailed</name>
            <type>
                <name>Group?list</name>
                <namespace>http://www.appian.com/ae/types/2009</namespace>
            </type>
        </namedTypedValue>
        <namedTypedValue>
            <name>updatedAttributes</name>
            <type>
                <name>Text?list</name>
                <namespace>http://www.appian.com/ae/types/2009</namespace>
            </type>
        </namedTypedValue>
        <namedTypedValue>
            <name>oldValues</name>
            <type>
                <name>Text?list</name>
                <namespace>http://www.appian.com/ae/types/2009</namespace>
            </type>
        </namedTypedValue>
        <namedTypedValue>
            <name>newValues</name>
            <type>
                <name>Text?list</name>
                <namespace>http://www.appian.com/ae/types/2009</namespace>
            </type>
        </namedTypedValue>
        <preferredEditor>interface</preferredEditor>
        <offlineEnabled>false</offlineEnabled>
        <isCustom>false</isCustom>
    </interface>
    <roleMap public="true">
        <role inherit="true" allowForAll="false" name="readers">
            <users/>
            <groups/>
        </role>
        <role inherit="true" allowForAll="false" name="authors">
            <users/>
            <groups/>
        </role>
        <role inherit="true" allowForAll="false" name="administrators">
            <users/>
            <groups/>
        </role>
        <role inherit="false" allowForAll="false" name="denyReaders">
            <users/>
            <groups/>
        </role>
        <role inherit="false" allowForAll="false" name="denyAuthors">
            <users/>
            <groups/>
        </role>
        <role inherit="false" allowForAll="false" name="denyAdministrators">
            <users/>
            <groups/>
        </role>
    </roleMap>
    <history>
        <historyInfo versionUuid="_a-0000e572-77ef-8000-752a-e7ef90e7ef90_6838"/>
    </history>
</contentHaul>
