<?xml version="1.0" encoding="UTF-8" standalone="yes"?>
<contentHaul xmlns:a="http://www.appian.com/ae/types/2009">
    <versionUuid>_a-0000e572-77ef-8000-752a-e7ef90e7ef90_6790</versionUuid>
    <rule>
        <name>LDAP_addUserFilter</name>
        <uuid>_a-0000db9c-9a68-8000-5130-010000010000_2833</uuid>
        <description></description>
        <parentUuid>_a-0000d62a-9e0e-8000-ac7a-680000680000_7543</parentUuid>
        <visibility>
            <advertise>false</advertise>
            <hierarchy>true</hierarchy>
            <indexable>true</indexable>
            <quota>false</quota>
            <searchable>true</searchable>
            <system>false</system>
            <unlogged>false</unlogged>
        </visibility>
        <definition>="(&amp;(" &amp; ri!filter &amp; ")(" &amp; displayvalue("Username", #"_a-0000db98-7620-8000-5130-010000010000_2462", #"_a-0000db98-7620-8000-5130-010000010000_2465", "uid") &amp; "=" &amp; tostring(ri!user) &amp; "))"</definition>
        <namedTypedValue>
            <name>filter</name>
            <type>
                <name>string</name>
                <namespace>http://www.w3.org/2001/XMLSchema</namespace>
            </type>
            <value/>
        </namedTypedValue>
        <namedTypedValue>
            <name>user</name>
            <type>
                <name>User</name>
                <namespace>http://www.appian.com/ae/types/2009</namespace>
            </type>
        </namedTypedValue>
        <preferredEditor>legacy</preferredEditor>
        <offlineEnabled>false</offlineEnabled>
    </rule>
    <roleMap public="true">
        <role inherit="true" allowForAll="false" name="readers">
            <users/>
            <groups/>
        </role>
        <role inherit="true" allowForAll="false" name="authors">
            <users/>
            <groups/>
        </role>
        <role inherit="true" allowForAll="false" name="administrators">
            <users/>
            <groups/>
        </role>
        <role inherit="false" allowForAll="false" name="denyReaders">
            <users/>
            <groups/>
        </role>
        <role inherit="false" allowForAll="false" name="denyAuthors">
            <users/>
            <groups/>
        </role>
        <role inherit="false" allowForAll="false" name="denyAdministrators">
            <users/>
            <groups/>
        </role>
    </roleMap>
    <history>
        <historyInfo versionUuid="_a-0000e572-77ef-8000-752a-e7ef90e7ef90_6790"/>
    </history>
</contentHaul>
