<?xml version="1.0" encoding="UTF-8" standalone="yes"?>
<contentHaul xmlns:a="http://www.appian.com/ae/types/2009">
    <versionUuid>_a-0000e572-77ef-8000-752a-e7ef90e7ef90_7099</versionUuid>
    <interface>
        <name>LDAP_configureLDAPSynch</name>
        <uuid>_a-0000db97-6310-8000-5130-010000010000_2314</uuid>
        <description></description>
        <parentUuid>_a-0000d62a-9e0e-8000-ac7a-680000680000_7543</parentUuid>
        <visibility>
            <advertise>false</advertise>
            <hierarchy>true</hierarchy>
            <indexable>true</indexable>
            <quota>false</quota>
            <searchable>true</searchable>
            <system>false</system>
            <unlogged>false</unlogged>
        </visibility>
        <definition>a!localVariables(
  local!names: #"_a-0000db97-6310-8000-5130-010000010000_2393",
  local!baseDns: #"_a-0000db97-6310-8000-5130-010000010000_2350",
  local!filters: #"_a-0000db97-6310-8000-5130-010000010000_2349",
  local!groups: #"_a-0000db97-6310-8000-5130-010000010000_2353",
  local!tested: repeat(length(local!filters), true),
  local!attributeValues: #"_a-0000db98-7620-8000-5130-010000010000_2465",
  local!items: apply(
    #"_a-0000db97-6310-8000-5130-010000010000_2327",
    merge(
      local!names,
      local!baseDns,
      local!filters,
      local!groups,
      local!tested
    )
  ),
  local!itemsToken: local!items,
  local!selection,
  local!testResults,
  local!testResultsTitle,
  local!testResultsSubset,
  local!testResultsPagingInfo: #"SYSTEM_SYSRULES_pagingInfo"(startIndex: 1, batchSize: 5),
  #"SYSTEM_SYSRULES_formLayout_v1"(
    label: "Configure LDAP Synchronization",
    instructions: "",
    contents: {
      #"SYSTEM_SYSRULES_sectionLayout_v1"(
        label: "Synchronization Settings",
        contents: {
          #"SYSTEM_SYSRULES_columnsLayout"(
            columns: {
              #"SYSTEM_SYSRULES_columnLayout"(
                contents: {
                  #"SYSTEM_SYSRULES_checkboxField"(
                    label: "Enable LDAP Sync",
                    choiceLabels: {"Enabled"},
                    choiceValues: {true},
                    value: if(ri!enabled,ri!enabled,null),
                    saveInto: ri!enabled
                  )
                }
              ),
              #"SYSTEM_SYSRULES_columnLayout"(
                contents: {
                  if(
                    ri!enabled,
                    load(
                      local!times: #"_a-0000db98-7620-8000-5130-010000010000_2481"(),
                      #"SYSTEM_SYSRULES_dropdownField"(
                        label: "Sync Start Time",
                        instructions: "In order to use the new start time, you must republish the 'LDAP - Scheduled Job' process model",
                        choiceLabels: local!times,
                        placeholderLabel: "--Select time--",
                        choiceValues: local!times,
                        value: ri!startTime,
                        saveInto: a!save(
                          target: ri!startTime,
                          value: totime(save!value)
                        )
                      )
                    ),
                    {}
                  )
                }
              )
            }
          )
        },
        isCollapsible: true
      ),
      #"SYSTEM_SYSRULES_sectionLayout_v1"(
        label: "Connection Settings",
        contents: {
          #"SYSTEM_SYSRULES_columnsLayout"(
            columns: {
              #"SYSTEM_SYSRULES_columnLayout"(
                contents: {
                  #"SYSTEM_SYSRULES_dropdownField"(
                    label: "Protocol",
                    choiceLabels: {"ldap", "ldaps"},
                    placeholderLabel: "--Select protocol--",
                    choiceValues: {"ldap", "ldaps"},
                    value: ri!protocol,
                    saveInto:ri!protocol,
                    required: true
                  ),
                  #"SYSTEM_SYSRULES_textField"(
                    label: "Server",
                    value: ri!server,
                    saveInto: ri!server,
                    required: true
                  ),
                  #"SYSTEM_SYSRULES_textField"(
                    label: "Port",
                    value: ri!port,
                    saveInto: ri!port,
                    required: true
                  ),
                  #"SYSTEM_SYSRULES_textField"(
                    label: "Timeout",
                    value: ri!timeout,
                    saveInto: ri!timeout,
                    required: true
                  )
                }
              ),
              #"SYSTEM_SYSRULES_columnLayout"(
                contents: {
                  #"SYSTEM_SYSRULES_textField"(
                    label: "Secured Credential Store (SCS) Key",
                    instructions: "This is the key used for storing the administrator credentials for the LDAP server in the third-party credentials section of the admin console",
                    value: ri!externalSystemKey,
                    saveInto: ri!externalSystemKey,
                    required: true
                  ),
                  #"SYSTEM_SYSRULES_dropdownField"(
                    label: "Connection Type",
                    instructions: "Set this field to ssl if using a non-standard keystore",
                    choiceLabels: {"clear", "ssl"},
                    placeholderLabel: "--Select connection type--",
                    choiceValues: {"clear", "ssl"},
                    value: ri!connectionType,
                    saveInto:ri!connectionType,
                    required: true
                  ),
                  if (
                    ri!connectionType = "ssl",
                    #"SYSTEM_SYSRULES_textField"(
                      label: "KeyStore Path",
                      instructions: "KeyStore path is necessary if using a self-signed certificate.",
                      value: ri!keyStorePath,
                      saveInto: ri!keyStorePath
                    ),
                    {}
                  ),
                  #"SYSTEM_SYSRULES_checkboxField"(
                    label: "Virtual List View Control Supported",
                    instructions: "If the server does not support the VLV control or paging is not required this should be disabled",
                    choiceLabels: {"Supported"},
                    choiceValues: {true},
                    value: if(ri!vlvControlSupported,ri!vlvControlSupported,null),
                    saveInto: ri!vlvControlSupported
                  )
                }
              )
            }
          )
        },
        isCollapsible: true
      ),
      #"SYSTEM_SYSRULES_sectionLayout_v1"(
        label: "Group Membership",
        contents: {
          #"SYSTEM_SYSRULES_ButtonLayout"(
            secondaryButtons: {
              /* TODO
               *
               * Use paging if vlvcontrol is set to true
               */
              #"SYSTEM_SYSRULES_ButtonWidget"(
                label: "Test Filter",
                value: local!items[local!selection],
                saveInto: {
                  a!save(
                    target: local!testResults,
                    value: ldapsearch(
                      config: #"_a-0000db97-6310-8000-5130-010000010000_2346"(
                        externalSystemKey: ri!externalSystemKey,
                        baseDn: local!items[local!selection].baseDn,
                        protocol: ri!protocol,
                        server: ri!server,
                        port: ri!port,
                        connectionType: ri!connectionType,
                        keystorePath: ri!keystorePath,
                        vlvControlSupported: ri!vlvControlSupported,
                        timeOut: ri!timeout
                      ),
                      searchFilter: local!items[local!selection].filter,
                      attributes: reject(fn!isnull, ri!attributeValues),
                      pagingInfo: #"SYSTEM_SYSRULES_pagingInfo"(startIndex:1, batchSize: -1)
                    )
                  ),
                  a!save(
                    target: local!testResultsSubset,
                    value:  if(
                      index(index(local!testResults, "result", 0), "totalCount", 0) = 0,
                      null,
                      todatasubset(local!testResults.result.data, local!testResultsPagingInfo)
                    )
                  ),
                  a!save(local!testResultsTitle, local!items[local!selection].name),
                  a!save(
                    target: local!items[local!selection][1].tested, 
                    value: local!testResults.success
                  )
                },
                disabled: local!selection = ""
              )
            }
          ),
          #"SYSTEM_SYSRULES_gridLayout"(
            label: "Group Filters",
            instructions: "When the LDAP Sync process runs, users matching each of the following filters will be created and added to the associated Appian group. Users not matching any of the following filters will be deactivated.",
            headerCells: {
              #"SYSTEM_SYSRULES_gridLayoutHeaderCell"(label: "Display Name"),
              #"SYSTEM_SYSRULES_gridLayoutHeaderCell"(label: "Base DN"),
              #"SYSTEM_SYSRULES_gridLayoutHeaderCell"(label: "Filter"),
              #"SYSTEM_SYSRULES_gridLayoutHeaderCell"(label: "Appian Group"),
              #"SYSTEM_SYSRULES_gridLayoutHeaderCell"(label: "Tested"),
              #"SYSTEM_SYSRULES_gridLayoutHeaderCell"(label: "")
            },
            columnConfigs: {
              #"SYSTEM_SYSRULES_gridLayoutColumnConfig"(width: "DISTRIBUTE"),
              #"SYSTEM_SYSRULES_gridLayoutColumnConfig"(width: "DISTRIBUTE"),
              #"SYSTEM_SYSRULES_gridLayoutColumnConfig"(width: "DISTRIBUTE"),
              #"SYSTEM_SYSRULES_gridLayoutColumnConfig"(width: "DISTRIBUTE"),
              #"SYSTEM_SYSRULES_gridLayoutColumnConfig"(width: "NARROW"),
              #"SYSTEM_SYSRULES_gridLayoutColumnConfig"(width: "NARROW")
            },
            rows: if(
              length(local!items) = 0,
              {},
              #"SYSTEM_SYSRULES_applyComponents"(
                function: #"_a-0000db97-6310-8000-5130-010000010000_2321"(
                  index:_, items: local!items, itemsToken: local!itemsToken
                ),
                array: enumerate(length(local!items)) + 1
              )
            ),
            selectable: true,
            selectionValue: local!selection,
            selectionSaveInto: {
              a!save(
                target: local!selection,
                value: if(
                  isnull(local!selection),
                  save!value,
                  difference(save!value, local!selection)
                )
              )
            },
            validations: {}
          ),
          #"SYSTEM_SYSRULES_linkField"(
            label: "Add Link",
            labelPosition: "COLLAPSED",
            links: #"SYSTEM_SYSRULES_dynamicLink"(
              label: "+Add Item",
              value: #"_a-0000db97-6310-8000-5130-010000010000_2327"(name: ""),
              saveInto: {
                a!save(local!items, append(local!items, save!value)),
                a!save(local!itemsToken, append(local!itemsToken, save!value))
              }
            )
          ),
          if(
            isnull(local!testResults),
            {},
            if(
              or(
                local!testResults.success = false,
                local!testResults.result.totalCount = 0
              ),
              #"SYSTEM_SYSRULES_gridField"(
                label: local!testResultsTitle &amp; " Test Results",
                totalCount: 1,
                columns: {
                  if(
                    local!testResults.success,
                    #"SYSTEM_SYSRULES_gridTextColumn"(label: "Results", data: "No results returned"),
                    {
                      #"SYSTEM_SYSRULES_gridTextColumn"(
                        label: "Error",
                        data: local!testResults.error
                      ),
                      #"SYSTEM_SYSRULES_gridTextColumn"(
                        label: "Suggestion",
                        data: #"_a-0000db99-ce59-8000-5130-010000010000_2738"(local!testResults.error)
                      )
                    }
                  )
                },
                value: #"SYSTEM_SYSRULES_pagingInfo"(1,-1)
              ),
              #"SYSTEM_SYSRULES_gridField_v1"(
                label: local!testResultsTitle &amp; " Test Results",
                instructions: "Results will only display fields with mapped attributes",
                data: local!testResultsSubset,
                pagingSaveInto: {
                  local!testResultsPagingInfo,
                  a!save(
                    target: local!testResultsSubset,
                    value:  if(
                      index(index(local!testResults, "result", 0), "totalCount", 0) = 0,
                      null,
                      todatasubset(local!testResults.result.data, local!testResultsPagingInfo)
                    )
                  )
                },
                columns: if(
                  and(
                    not(isnull(ri!attributeValues)),
                    length(ri!attributeValues) &gt; 0
                  ),
                  #"SYSTEM_SYSRULES_applyComponents"(
                    #"_a-0000db98-7620-8000-5130-010000010000_2516"(
                      index: _,
                      label: _,
                      field: _,
                      results: local!testResultsSubset.data
                    ),
                    merge(
                      enumerate(length(ri!attributeValues)) + 1,
                      index(
                        #"_a-0000db98-7620-8000-5130-010000010000_2462",
                        where(
                          apply(#"_a-0000db98-7620-8000-5130-010000010000_2514", ri!attributeValues)
                        )
                      ),
                      reject(fn!isnull, ri!attributeValues)
                    )
                  ),
                  #"SYSTEM_SYSRULES_gridColumn"(
                    label: "Raw data - Map attributes below",
                    value: local!testResultsSubset.data
                  )
                )
              )
            )
          ),
          #"SYSTEM_SYSRULES_pickerFieldGroups"(
            label: "All LDAP Users Group",
            instructions: "Users that are part of this group, but not returned by any of the above filters will be deactivated.",
            maxSelections: 1,
            value: ri!allUsersGroup,
            saveInto: ri!allUsersGroup,
            required: true
          )
        },
        validations: {
          if(
            and(
              and(local!items.tested),
              all(#"_a-0000db98-7620-8000-5130-010000010000_2514", local!items.tested)
            ),
            {},
            #"SYSTEM_SYSRULES_validationMessage"(message: "All filters must be successfully tested", validateAfter: "SUBMIT")
          ),
          if(
            length(local!items) &gt; 0,
            {},
            #"SYSTEM_SYSRULES_validationMessage"(message: "There must be at least one group filter defined", validateAfter: "SUBMIT")
          )
        },
        isCollapsible: true
      ),
      #"SYSTEM_SYSRULES_sectionLayout_v1"(
        label: "User Attribute Mapping",
        contents: a!localVariables(
          local!col1Len: tointeger(length(#"_a-0000db98-7620-8000-5130-010000010000_2462") / 2),
          local!col2Len: length(#"_a-0000db98-7620-8000-5130-010000010000_2462") - local!col1Len,
          #"SYSTEM_SYSRULES_columnsLayout"(
            columns: {
              #"SYSTEM_SYSRULES_columnLayout"(
                contents: #"SYSTEM_SYSRULES_forEach"(
                  expression: #"ee56964f-193c-44ae-aa4b-fd5e9d5f7461"(
                    label: fv!item,
                    saves: a!save(
                      target: ri!attributeValues[fv!index],
                      value: save!value
                    ),
                    value: index(
                      ri!attributeValues, 
                      fv!index, 
                      index(#"_a-0000db98-7620-8000-5130-010000010000_2465", fv!index, null)
                    )
                  ),
                  items: index(#"_a-0000db98-7620-8000-5130-010000010000_2462", enumerate(local!col1Len) + 1)
                )
              ),
              #"SYSTEM_SYSRULES_columnLayout"(
                contents: #"SYSTEM_SYSRULES_forEach"(
                  expression: #"ee56964f-193c-44ae-aa4b-fd5e9d5f7461"(
                    label: fv!item,
                    saves: a!save(
                      target: ri!attributeValues[fv!index + local!col1Len],
                      value: save!value
                    ),
                    value: index(
                      ri!attributeValues, 
                      fv!index + local!col1Len, 
                      index(#"_a-0000db98-7620-8000-5130-010000010000_2465", fv!index + local!col1Len, null)
                    )
                  ),
                  items: index(#"_a-0000db98-7620-8000-5130-010000010000_2462", enumerate(local!col2Len) + local!col1Len + 1)
                )
              ),
            }
          )
        ),
        isCollapsible: true
      )
    },
    buttons: #"SYSTEM_SYSRULES_ButtonLayout"(
      primaryButtons: {
        #"SYSTEM_SYSRULES_ButtonWidgetSubmit"(
          label: "Submit",
          style: "PRIMARY",
          saveInto: {
            a!save(ri!userSynchGroupNames, local!items.name),
            a!save(ri!userSynchBaseDns, local!items.baseDn),
            a!save(ri!userSynchFilters, local!items.filter),
            a!save(ri!userSynchAppianGroups, local!items.group)
          }
        )
      },
      secondaryButtons: {
        #"SYSTEM_SYSRULES_ButtonWidgetSubmit"(
          label: "Cancel",
          style: "NORMAL",
          value: "cancel",
          saveInto: ri!decision,
          skipValidation: true
        )
      }
    ),
    validations: {}
  )
)</definition>
        <namedTypedValue>
            <name>decision</name>
            <type>
                <name>string</name>
                <namespace>http://www.w3.org/2001/XMLSchema</namespace>
            </type>
            <value/>
        </namedTypedValue>
        <namedTypedValue>
            <name>protocol</name>
            <type>
                <name>string</name>
                <namespace>http://www.w3.org/2001/XMLSchema</namespace>
            </type>
            <value/>
        </namedTypedValue>
        <namedTypedValue>
            <name>server</name>
            <type>
                <name>string</name>
                <namespace>http://www.w3.org/2001/XMLSchema</namespace>
            </type>
            <value/>
        </namedTypedValue>
        <namedTypedValue>
            <name>port</name>
            <type>
                <name>string</name>
                <namespace>http://www.w3.org/2001/XMLSchema</namespace>
            </type>
            <value/>
        </namedTypedValue>
        <namedTypedValue>
            <name>userSynchBaseDns</name>
            <type>
                <name>Text?list</name>
                <namespace>http://www.appian.com/ae/types/2009</namespace>
            </type>
        </namedTypedValue>
        <namedTypedValue>
            <name>userSynchFilters</name>
            <type>
                <name>Text?list</name>
                <namespace>http://www.appian.com/ae/types/2009</namespace>
            </type>
        </namedTypedValue>
        <namedTypedValue>
            <name>userSynchAppianGroups</name>
            <type>
                <name>Group?list</name>
                <namespace>http://www.appian.com/ae/types/2009</namespace>
            </type>
        </namedTypedValue>
        <namedTypedValue>
            <name>userSynchGroupNames</name>
            <type>
                <name>Text?list</name>
                <namespace>http://www.appian.com/ae/types/2009</namespace>
            </type>
        </namedTypedValue>
        <namedTypedValue>
            <name>keystorePath</name>
            <type>
                <name>string</name>
                <namespace>http://www.w3.org/2001/XMLSchema</namespace>
            </type>
            <value/>
        </namedTypedValue>
        <namedTypedValue>
            <name>connectionType</name>
            <type>
                <name>string</name>
                <namespace>http://www.w3.org/2001/XMLSchema</namespace>
            </type>
            <value/>
        </namedTypedValue>
        <namedTypedValue>
            <name>attributeValues</name>
            <type>
                <name>Text?list</name>
                <namespace>http://www.appian.com/ae/types/2009</namespace>
            </type>
        </namedTypedValue>
        <namedTypedValue>
            <name>enabled</name>
            <type>
                <name>boolean</name>
                <namespace>http://www.w3.org/2001/XMLSchema</namespace>
            </type>
        </namedTypedValue>
        <namedTypedValue>
            <name>startTime</name>
            <type>
                <name>time</name>
                <namespace>http://www.w3.org/2001/XMLSchema</namespace>
            </type>
        </namedTypedValue>
        <namedTypedValue>
            <name>allUsersGroup</name>
            <type>
                <name>Group</name>
                <namespace>http://www.appian.com/ae/types/2009</namespace>
            </type>
        </namedTypedValue>
        <namedTypedValue>
            <name>userSynchTested</name>
            <type>
                <name>Boolean?list</name>
                <namespace>http://www.appian.com/ae/types/2009</namespace>
            </type>
        </namedTypedValue>
        <namedTypedValue>
            <name>externalSystemKey</name>
            <type>
                <name>string</name>
                <namespace>http://www.w3.org/2001/XMLSchema</namespace>
            </type>
            <value/>
        </namedTypedValue>
        <namedTypedValue>
            <name>vlvControlSupported</name>
            <type>
                <name>boolean</name>
                <namespace>http://www.w3.org/2001/XMLSchema</namespace>
            </type>
        </namedTypedValue>
        <namedTypedValue>
            <name>timeout</name>
            <type>
                <name>int</name>
                <namespace>http://www.w3.org/2001/XMLSchema</namespace>
            </type>
        </namedTypedValue>
        <preferredEditor>interface</preferredEditor>
        <offlineEnabled>false</offlineEnabled>
        <isCustom>false</isCustom>
    </interface>
    <roleMap public="true">
        <role inherit="true" allowForAll="false" name="readers">
            <users/>
            <groups/>
        </role>
        <role inherit="true" allowForAll="false" name="authors">
            <users/>
            <groups/>
        </role>
        <role inherit="true" allowForAll="false" name="administrators">
            <users/>
            <groups/>
        </role>
        <role inherit="false" allowForAll="false" name="denyReaders">
            <users/>
            <groups/>
        </role>
        <role inherit="false" allowForAll="false" name="denyAuthors">
            <users/>
            <groups/>
        </role>
        <role inherit="false" allowForAll="false" name="denyAdministrators">
            <users/>
            <groups/>
        </role>
    </roleMap>
    <history>
        <historyInfo versionUuid="_a-0000e572-77ef-8000-752a-e7ef90e7ef90_7099"/>
    </history>
</contentHaul>
