<?xml version="1.0" encoding="UTF-8" standalone="yes"?>
<contentHaul xmlns:a="http://www.appian.com/ae/types/2009">
    <versionUuid>_a-0000e572-77ef-8000-752a-e7ef90e7ef90_6730</versionUuid>
    <rule>
        <name>LDAP_configureLDAPSynchGroupRow</name>
        <uuid>_a-0000db97-6310-8000-5130-010000010000_2321</uuid>
        <description></description>
        <parentUuid>_a-0000d62a-9e0e-8000-ac7a-680000680000_7543</parentUuid>
        <visibility>
            <advertise>false</advertise>
            <hierarchy>true</hierarchy>
            <indexable>true</indexable>
            <quota>false</quota>
            <searchable>true</searchable>
            <system>false</system>
            <unlogged>false</unlogged>
        </visibility>
        <definition>#"SYSTEM_SYSRULES_gridRowLayout"(
  id: ri!index,
  contents: {
    #"SYSTEM_SYSRULES_textField"(
      value: ri!items[ri!index].name,
      saveInto: ri!items[ri!index].name,
      required: true
    ),
    #"SYSTEM_SYSRULES_textField"(
      value: ri!items[ri!index].baseDn,
      saveInto: {
        ri!items[ri!index].baseDn,
        a!save(ri!items[ri!index].tested, null)
      },
      required: false
    ),
    #"SYSTEM_SYSRULES_textField"(
      value: ri!items[ri!index].filter,
      saveInto: {
        ri!items[ri!index].filter,
        a!save(ri!items[ri!index].tested, null)
      },
      required: true
    ),
    #"SYSTEM_SYSRULES_pickerFieldGroups"(
      maxSelections: 1,
      value: ri!items[ri!index].group,
      saveInto: ri!items[ri!index].group,
      required: true
    ),
    #"SYSTEM_SYSRULES_imageField"(
      images: if(
        ri!items[ri!index].tested = "true",
        #"SYSTEM_SYSRULES_documentImage"(
          document: #"SYSTEM_SYSRULES_iconIndicator"("FACE_HAPPY"),
          altText: "Passed",
          caption: "Passed"
        ),
        if(
          ri!items[ri!index].tested = "false",
          #"SYSTEM_SYSRULES_documentImage"(
            document: #"SYSTEM_SYSRULES_iconIndicator"("FACE_SAD"),
            altText: "Failed",
            caption: "Failed"
          ),
          #"SYSTEM_SYSRULES_documentImage"(
            document: #"SYSTEM_SYSRULES_iconIndicator"("FACE_INDIFFERENT"),
            altText: "Untested",
            caption: "Untested"
          )
        )
      ),
      size: "ICON"
    ),
    #"SYSTEM_SYSRULES_linkField"(
      label: "delete " &amp; ri!index,
      links: #"SYSTEM_SYSRULES_dynamicLink"(
        label: char(10005),
        value: ri!index,
        saveInto: {
          a!save(
            target: ri!items,
            value: remove(ri!items, save!value)),
          /*` When modifying the size of the array used in a!applyComponents, */
          /* make the same change in the "token" array variable               */
          a!save(
            target: ri!itemsToken,
            value: remove(ri!itemsToken, save!value)
          )
        }
      ),
      align: "CENTER"
    )
  }
)</definition>
        <namedTypedValue>
            <name>index</name>
            <type>
                <name>int</name>
                <namespace>http://www.w3.org/2001/XMLSchema</namespace>
            </type>
        </namedTypedValue>
        <namedTypedValue>
            <name>items</name>
            <type>
                <name>Variant</name>
                <namespace>http://www.appian.com/ae/types/2009</namespace>
            </type>
        </namedTypedValue>
        <namedTypedValue>
            <name>itemsToken</name>
            <type>
                <name>Variant</name>
                <namespace>http://www.appian.com/ae/types/2009</namespace>
            </type>
        </namedTypedValue>
        <preferredEditor>legacy</preferredEditor>
        <offlineEnabled>false</offlineEnabled>
    </rule>
    <roleMap public="true">
        <role inherit="true" allowForAll="false" name="readers">
            <users/>
            <groups/>
        </role>
        <role inherit="true" allowForAll="false" name="authors">
            <users/>
            <groups/>
        </role>
        <role inherit="true" allowForAll="false" name="administrators">
            <users/>
            <groups/>
        </role>
        <role inherit="false" allowForAll="false" name="denyReaders">
            <users/>
            <groups/>
        </role>
        <role inherit="false" allowForAll="false" name="denyAuthors">
            <users/>
            <groups/>
        </role>
        <role inherit="false" allowForAll="false" name="denyAdministrators">
            <users/>
            <groups/>
        </role>
    </roleMap>
    <history>
        <historyInfo versionUuid="_a-0000e572-77ef-8000-752a-e7ef90e7ef90_6730"/>
    </history>
</contentHaul>
