<?xml version="1.0" encoding="UTF-8" standalone="yes"?>
<contentHaul xmlns:a="http://www.appian.com/ae/types/2009">
    <versionUuid>_a-0000e572-77ef-8000-752a-e7ef90e7ef90_6784</versionUuid>
    <rule>
        <name>LDAP_batchStartTime</name>
        <uuid>de60be38-3e5e-4905-8af7-0e7660a3695e</uuid>
        <description></description>
        <parentUuid>_a-0000d62a-9e0e-8000-ac7a-680000680000_7543</parentUuid>
        <visibility>
            <advertise>false</advertise>
            <hierarchy>true</hierarchy>
            <indexable>true</indexable>
            <quota>false</quota>
            <searchable>true</searchable>
            <system>false</system>
            <unlogged>false</unlogged>
        </visibility>
        <definition>if(
  totime(now()) &lt; #"_a-0000d62a-9e0e-8000-ac7a-680000680000_7556",
  datetime(
    year(today()),
    month(today()),
    day(today()),
    hour(#"_a-0000d62a-9e0e-8000-ac7a-680000680000_7556"),
    minute(#"_a-0000d62a-9e0e-8000-ac7a-680000680000_7556")
  ),
  datetime(
    year(today()+1),
    month(today()+1),
    day(today()+1),
    hour(#"_a-0000d62a-9e0e-8000-ac7a-680000680000_7556"),
    minute(#"_a-0000d62a-9e0e-8000-ac7a-680000680000_7556")
  )
)</definition>
        <preferredEditor>legacy</preferredEditor>
        <offlineEnabled>false</offlineEnabled>
    </rule>
    <roleMap public="true">
        <role inherit="true" allowForAll="false" name="readers">
            <users/>
            <groups/>
        </role>
        <role inherit="true" allowForAll="false" name="authors">
            <users/>
            <groups/>
        </role>
        <role inherit="true" allowForAll="false" name="administrators">
            <users/>
            <groups/>
        </role>
        <role inherit="false" allowForAll="false" name="denyReaders">
            <users/>
            <groups/>
        </role>
        <role inherit="false" allowForAll="false" name="denyAuthors">
            <users/>
            <groups/>
        </role>
        <role inherit="false" allowForAll="false" name="denyAdministrators">
            <users/>
            <groups/>
        </role>
    </roleMap>
    <history>
        <historyInfo versionUuid="_a-0000e572-77ef-8000-752a-e7ef90e7ef90_6784"/>
    </history>
</contentHaul>
