<?xml version="1.0" encoding="UTF-8"?>
<siteHaul xmlns:a="http://www.appian.com/ae/types/2009" xmlns:xsi="http://www.w3.org/2001/XMLSchema-instance">
  <versionUuid>afcd18a7-ac79-4b5c-b673-e2a04ba3a067</versionUuid>
  <site a:uuid="20d9a34d-f128-407f-b524-3c930db651e4" name="LDAP Sync">
    <description/>
    <urlStub>ldap-sync</urlStub>
    <page a:uuid="52026ccf-4e9b-32f2-b217-9450d774fb62">
      <staticName>Home</staticName>
      <description/>
      <urlStub>home</urlStub>
      <uiObject a:uuid="300b839a-c4af-41a2-9dbe-a271f92b6b22" xsi:type="a:TempoReport"/>
      <iconId>f015</iconId>
      <visibilityExpr>fn!true()</visibilityExpr>
      <pageWidth>NARROW</pageWidth>
      <areUrlParamsEncrypted>true</areUrlParamsEncrypted>
      <autoContextUpdateEnabled>false</autoContextUpdateEnabled>
    </page>
    <visibility>268435456</visibility>
    <faviconRef a:uuid="SYSTEM_CONTENT_SITES_DEFAULT_FAVICON" xsi:type="a:CollaborationDocument"/>
    <logoRef a:uuid="SYSTEM_CONTENT_SITES_DEFAULT_LOGO" xsi:type="a:CollaborationDocument"/>
    <showName>false</showName>
    <tempoLinkVisibility>HIDDEN</tempoLinkVisibility>
    <showRecordNews>true</showRecordNews>
    <tasksInSitesVisibility>HIDDEN</tasksInSitesVisibility>
    <buttonShape>SQUARED</buttonShape>
    <navigationBarStyle>STYLE1</navigationBarStyle>
    <inputShape>SQUARED</inputShape>
    <isSystem>false</isSystem>
    <displayName>LDAP Sync</displayName>
    <isStaticDisplayName>true</isStaticDisplayName>
    <nameExprIsEvaluable>true</nameExprIsEvaluable>
    <primaryNavLayoutType>TOPBAR</primaryNavLayoutType>
    <buttonLabelCase>UPPERCASE</buttonLabelCase>
    <dialogShape>SQUARED</dialogShape>
  </site>
  <roleMap>
    <role name="site_viewer">
      <users/>
      <groups>
        <groupUuid>_e-0000db98-7620-8000-512d-010000010000_10</groupUuid>
      </groups>
    </role>
  </roleMap>
  <history>
    <historyInfo versionUuid="afcd18a7-ac79-4b5c-b673-e2a04ba3a067"/>
  </history>
</siteHaul>
