<?xml version="1.0" encoding="UTF-8" standalone="yes"?>
<applicationHaul xmlns:a="http://www.appian.com/ae/types/2009">
    <versionUuid>_a-0000e572-77ef-8000-752a-e7ef90e7ef90_7170</versionUuid>
    <application>
        <name>LDAP Sync</name>
        <uuid>_a-0000d62a-9e0e-8000-ac7a-680000680000_7553</uuid>
        <description></description>
        <parentUuid>SYSTEM_APPLICATIONS_ROOT</parentUuid>
        <visibility>
            <advertise>false</advertise>
            <hierarchy>true</hierarchy>
            <indexable>true</indexable>
            <quota>false</quota>
            <searchable>true</searchable>
            <system>false</system>
            <unlogged>false</unlogged>
        </visibility>
        <urlIdentifier>ldap_synch_example</urlIdentifier>
        <published>true</published>
        <public>false</public>
        <associatedObjects>
            <globalIdMap>
                <item>
                    <type>datatype</type>
                    <uuids/>
                </item>
                <item>
                    <type>dataStore</type>
                    <uuids/>
                </item>
                <item>
                    <type>user</type>
                    <uuids/>
                </item>
                <item>
                    <type>groupType</type>
                    <uuids/>
                </item>
                <item>
                    <type>group</type>
                    <uuids>
                        <uuid>_e-0000db98-7620-8000-512d-010000010000_10</uuid>
                    </uuids>
                </item>
                <item>
                    <type>content</type>
                    <uuids>
                        <uuid>_a-0000d62a-9e0e-8000-ac7a-680000680000_7565</uuid>
                        <uuid>_a-0000d62a-9e0e-8000-ac7a-680000680000_7543</uuid>
                        <uuid>_a-0000d62a-9e0e-8000-ac7a-680000680000_7556</uuid>
                        <uuid>_a-0000d62a-9e0e-8000-ac7a-680000680000_7546</uuid>
                        <uuid>_a-0000d62a-9e0e-8000-ac7a-680000680000_7547</uuid>
                        <uuid>_a-0000d62a-9e0e-8000-ac7a-680000680000_7548</uuid>
                        <uuid>_a-0000d62a-9e0e-8000-ac7a-680000680000_7560</uuid>
                        <uuid>_a-0000d62a-9e0e-8000-ac7a-680000680000_7552</uuid>
                        <uuid>_a-0000db97-6310-8000-5130-010000010000_2314</uuid>
                        <uuid>_a-0000db97-6310-8000-5130-010000010000_2321</uuid>
                        <uuid>_a-0000db97-6310-8000-5130-010000010000_2327</uuid>
                        <uuid>_a-0000db97-6310-8000-5130-010000010000_2346</uuid>
                        <uuid>_a-0000db97-6310-8000-5130-010000010000_2349</uuid>
                        <uuid>_a-0000db97-6310-8000-5130-010000010000_2350</uuid>
                        <uuid>_a-0000db97-6310-8000-5130-010000010000_2353</uuid>
                        <uuid>_a-0000db97-6310-8000-5130-010000010000_2386</uuid>
                        <uuid>_a-0000db97-6310-8000-5130-010000010000_2393</uuid>
                        <uuid>_a-0000db98-7620-8000-5130-010000010000_2481</uuid>
                        <uuid>_a-0000db98-7620-8000-5130-010000010000_2482</uuid>
                        <uuid>_a-0000db98-7620-8000-5130-010000010000_2432</uuid>
                        <uuid>_a-0000db98-7620-8000-5130-010000010000_2439</uuid>
                        <uuid>_a-0000db98-7620-8000-5130-010000010000_2462</uuid>
                        <uuid>_a-0000db98-7620-8000-5130-010000010000_2465</uuid>
                        <uuid>ee56964f-193c-44ae-aa4b-fd5e9d5f7461</uuid>
                        <uuid>_a-0000db98-7620-8000-5130-010000010000_2473</uuid>
                        <uuid>_a-0000db98-7620-8000-5130-010000010000_2514</uuid>
                        <uuid>_a-0000db98-7620-8000-5130-010000010000_2516</uuid>
                        <uuid>_a-0000db98-7620-8000-5130-010000010000_2579</uuid>
                        <uuid>de60be38-3e5e-4905-8af7-0e7660a3695e</uuid>
                        <uuid>_a-0000db99-44fe-8000-5130-010000010000_2669</uuid>
                        <uuid>_a-0000db99-ad08-8000-5130-010000010000_2701</uuid>
                        <uuid>_a-0000db99-ad08-8000-5130-010000010000_2703</uuid>
                        <uuid>_a-0000db99-ce59-8000-5130-010000010000_2732</uuid>
                        <uuid>_a-0000db99-ce59-8000-5130-010000010000_2738</uuid>
                        <uuid>_a-0000db99-ce59-8000-5130-010000010000_2734</uuid>
                        <uuid>_a-0000db9c-9a68-8000-5130-010000010000_2833</uuid>
                        <uuid>_a-0000db9c-9a68-8000-5130-010000010000_2856</uuid>
                        <uuid>_a-0000db9c-9a68-8000-5130-010000010000_2861</uuid>
                        <uuid>_a-0000db9c-9a68-8000-5130-010000010000_2876</uuid>
                        <uuid>_a-0000db9c-9a68-8000-5130-010000010000_2881</uuid>
                        <uuid>_a-0000db9c-9a68-8000-5130-010000010000_2886</uuid>
                        <uuid>_a-0000db9c-9a68-8000-5130-010000010000_2889</uuid>
                        <uuid>_a-0000dba0-7cd0-8000-5130-010000010000_2982</uuid>
                        <uuid>_a-0000dba0-7cd0-8000-5130-010000010000_2985</uuid>
                        <uuid>6b1e557c-cee5-4517-9bb2-37551168c578</uuid>
                        <uuid>_a-0000e572-77ef-8000-752a-e7ef90e7ef90_7013</uuid>
                        <uuid>_a-0000e572-77ef-8000-752a-e7ef90e7ef90_7019</uuid>
                        <uuid>_a-0000e572-77ef-8000-752a-e7ef90e7ef90_7159</uuid>
                        <uuid>_a-0000e572-77ef-8000-752a-e7ef90e7ef90_7165</uuid>
                    </uuids>
                </item>
                <item>
                    <type>forum</type>
                    <uuids/>
                </item>
                <item>
                    <type>processModelFolder</type>
                    <uuids>
                        <uuid>_g-0000d62a-9e27-8000-ac7b-680000680000_84</uuid>
                    </uuids>
                </item>
                <item>
                    <type>processModel</type>
                    <uuids>
                        <uuid>001ad674-bd5a-8000-ac7b-680000680000</uuid>
                        <uuid>0006d674-c4eb-8000-ac7b-680000680000</uuid>
                        <uuid>001bd674-be89-8000-ac7b-680000680000</uuid>
                        <uuid>0002db97-87bc-8000-5131-010000010000</uuid>
                        <uuid>0002db9c-9b37-8000-5131-010000010000</uuid>
                        <uuid>0013db9c-9be8-8000-5131-010000010000</uuid>
                    </uuids>
                </item>
                <item>
                    <type>portlet</type>
                    <uuids/>
                </item>
                <item>
                    <type>page</type>
                    <uuids/>
                </item>
                <item>
                    <type>application</type>
                    <uuids/>
                </item>
                <item>
                    <type>tempoFeed</type>
                    <uuids/>
                </item>
                <item>
                    <type>recordType</type>
                    <uuids/>
                </item>
                <item>
                    <type>recordField</type>
                    <uuids/>
                </item>
                <item>
                    <type>recordRelationship</type>
                    <uuids/>
                </item>
                <item>
                    <type>tempoReport</type>
                    <uuids>
                        <uuid>300b839a-c4af-41a2-9dbe-a271f92b6b22</uuid>
                    </uuids>
                </item>
                <item>
                    <type>taskReport</type>
                    <uuids/>
                </item>
                <item>
                    <type>webApi</type>
                    <uuids/>
                </item>
                <item>
                    <type>site</type>
                    <uuids>
                        <uuid>20d9a34d-f128-407f-b524-3c930db651e4</uuid>
                    </uuids>
                </item>
                <item>
                    <type>adminSetting</type>
                    <uuids/>
                </item>
                <item>
                    <type>thirdPartyCredentials</type>
                    <uuids/>
                </item>
                <item>
                    <type>dataSource</type>
                    <uuids/>
                </item>
                <item>
                    <type>embeddedSailTheme</type>
                    <uuids/>
                </item>
                <item>
                    <type>connectedSystem</type>
                    <uuids/>
                </item>
                <item>
                    <type>pluginInfo</type>
                    <uuids/>
                </item>
                <item>
                    <type>featureFlag</type>
                    <uuids/>
                </item>
                <item>
                    <type>designObjectReferenceImplementation</type>
                    <uuids/>
                </item>
                <item>
                    <type>aiSkill</type>
                    <uuids/>
                </item>
                <item>
                    <type>roboticTaskDesignObject</type>
                    <uuids/>
                </item>
                <item>
                    <type>robotPoolDesignObject</type>
                    <uuids/>
                </item>
                <item>
                    <type>portal</type>
                    <uuids/>
                </item>
                <item>
                    <type>translationSet</type>
                    <uuids/>
                </item>
                <item>
                    <type>translationString</type>
                    <uuids/>
                </item>
                <item>
                    <type>translationVariable</type>
                    <uuids/>
                </item>
                <item>
                    <type>controlPanel</type>
                    <uuids/>
                </item>
            </globalIdMap>
        </associatedObjects>
        <applicationNavigation/>
        <applicationActions>
            <action>
                <displayLabel>Sync My Profile</displayLabel>
                <description>Sync my profile</description>
                <processModelUuid>0002db9c-9b37-8000-5131-010000010000</processModelUuid>
                <actionUuid>f0dcbd0f-03ad-49a0-8add-e3dace1d2815</actionUuid>
            </action>
            <action>
                <displayLabel>Configure LDAP Synchronization</displayLabel>
                <description>Configure LDAP synchronization settings</description>
                <processModelUuid>0002db97-87bc-8000-5131-010000010000</processModelUuid>
                <actionUuid>5facd9d0-54a1-4c03-bcdd-c7e4616243fe</actionUuid>
            </action>
        </applicationActions>
        <associatedApplications>
            <globalIdMap>
                <item>
                    <type>datatype</type>
                    <uuids/>
                </item>
                <item>
                    <type>dataStore</type>
                    <uuids/>
                </item>
                <item>
                    <type>user</type>
                    <uuids/>
                </item>
                <item>
                    <type>groupType</type>
                    <uuids/>
                </item>
                <item>
                    <type>group</type>
                    <uuids/>
                </item>
                <item>
                    <type>content</type>
                    <uuids/>
                </item>
                <item>
                    <type>forum</type>
                    <uuids/>
                </item>
                <item>
                    <type>processModelFolder</type>
                    <uuids/>
                </item>
                <item>
                    <type>processModel</type>
                    <uuids/>
                </item>
                <item>
                    <type>portlet</type>
                    <uuids/>
                </item>
                <item>
                    <type>page</type>
                    <uuids/>
                </item>
                <item>
                    <type>application</type>
                    <uuids/>
                </item>
                <item>
                    <type>tempoFeed</type>
                    <uuids/>
                </item>
                <item>
                    <type>recordType</type>
                    <uuids/>
                </item>
                <item>
                    <type>recordField</type>
                    <uuids/>
                </item>
                <item>
                    <type>recordRelationship</type>
                    <uuids/>
                </item>
                <item>
                    <type>tempoReport</type>
                    <uuids/>
                </item>
                <item>
                    <type>taskReport</type>
                    <uuids/>
                </item>
                <item>
                    <type>webApi</type>
                    <uuids/>
                </item>
                <item>
                    <type>site</type>
                    <uuids/>
                </item>
                <item>
                    <type>adminSetting</type>
                    <uuids/>
                </item>
                <item>
                    <type>thirdPartyCredentials</type>
                    <uuids/>
                </item>
                <item>
                    <type>dataSource</type>
                    <uuids/>
                </item>
                <item>
                    <type>embeddedSailTheme</type>
                    <uuids/>
                </item>
                <item>
                    <type>connectedSystem</type>
                    <uuids/>
                </item>
                <item>
                    <type>pluginInfo</type>
                    <uuids/>
                </item>
                <item>
                    <type>featureFlag</type>
                    <uuids/>
                </item>
                <item>
                    <type>designObjectReferenceImplementation</type>
                    <uuids/>
                </item>
                <item>
                    <type>aiSkill</type>
                    <uuids/>
                </item>
                <item>
                    <type>roboticTaskDesignObject</type>
                    <uuids/>
                </item>
                <item>
                    <type>robotPoolDesignObject</type>
                    <uuids/>
                </item>
                <item>
                    <type>portal</type>
                    <uuids/>
                </item>
                <item>
                    <type>translationSet</type>
                    <uuids/>
                </item>
                <item>
                    <type>translationString</type>
                    <uuids/>
                </item>
                <item>
                    <type>translationVariable</type>
                    <uuids/>
                </item>
                <item>
                    <type>controlPanel</type>
                    <uuids/>
                </item>
            </globalIdMap>
        </associatedApplications>
    </application>
    <roleMap>
        <contentRoleMap public="true">
            <role inherit="false" allowForAll="false" name="readers">
                <users/>
                <groups/>
            </role>
            <role inherit="false" allowForAll="false" name="authors">
                <users/>
                <groups/>
            </role>
            <role inherit="false" allowForAll="false" name="administrators">
                <users>
                    <userUuid>Administrator</userUuid>
                </users>
                <groups/>
            </role>
            <role inherit="false" allowForAll="false" name="denyReaders">
                <users/>
                <groups/>
            </role>
            <role inherit="false" allowForAll="false" name="denyAuthors">
                <users/>
                <groups/>
            </role>
            <role inherit="false" allowForAll="false" name="denyAdministrators">
                <users/>
                <groups/>
            </role>
        </contentRoleMap>
    </roleMap>
    <defaultApplicationObjects/>
    <applicationDocumentation/>
    <history>
        <historyInfo versionUuid="_a-0000e572-77ef-8000-752a-e7ef90e7ef90_7038"/>
        <historyInfo versionUuid="_a-0000e572-77ef-8000-752a-e7ef90e7ef90_7170"/>
    </history>
    <postDeploymentProcessData/>
    <requirementsCaptureB64 xmlns:xsi="http://www.w3.org/2001/XMLSchema-instance" xsi:nil="true"/>
</applicationHaul>
